Ws1_avg,Ws1_min,Ws1_max,Wa_avg,Ba_avg,Ot_avg,Month,Date_time
6.1500001,4.3699999,8.7600002,214.7,-0.99000001,5.5500002,1,2016-01-01 00:00:00+00:00
5.7600002,3.9300001,7.6199999,211.67999,-0.99000001,5.4699998,1,2016-01-01 00:10:00+00:00
5.6999998,3.8699999,7.6199999,213.13,-0.99000001,5.46,1,2016-01-01 00:20:00+00:00
6.0599999,4.1300001,8.79,213.03999,-0.99000001,5.6300001,1,2016-01-01 00:30:00+00:00
5.8200002,4.4099998,7.6199999,205.71001,-0.99000001,5.6100001,1,2016-01-01 00:40:00+00:00
6.2800002,4.9200001,7.73,206.42999,-0.99000001,5.6599998,1,2016-01-01 00:50:00+00:00
6.3400002,4.9099998,7.8299999,212.55,-0.99000001,5.8099999,1,2016-01-01 01:00:00+00:00
6.0700002,4.7800002,7.8600001,209.09,-0.99000001,5.8099999,1,2016-01-01 01:10:00+00:00
6.0999999,4.7800002,7.48,208.89,-0.99000001,5.8099999,1,2016-01-01 01:20:00+00:00
5.8299999,4.0700002,7.1700001,205.72,-0.99000001,5.8000002,1,2016-01-01 01:30:00+00:00
5.23,4.27,7.0100002,202.97,-0.99000001,5.71,1,2016-01-01 01:40:00+00:00
5.1100001,3.8099999,6.4499998,208.8,-0.99000001,5.9000001,1,2016-01-01 01:50:00+00:00
5.1300001,3.95,6.6199999,209.07001,-0.99000001,6.0999999,1,2016-01-01 02:00:00+00:00
5.1700001,4.0599999,6.3200002,205.11,-0.99000001,6.0100002,1,2016-01-01 02:10:00+00:00
4.9899998,3.77,6.1100001,204.92,-0.99000001,5.9000001,1,2016-01-01 02:20:00+00:00
5.4200001,4.27,6.7800002,203.63,-0.99000001,5.8400002,1,2016-01-01 02:30:00+00:00
5.7199998,4.2399998,7.02,202.52,-0.99000001,5.8000002,1,2016-01-01 02:40:00+00:00
5.4699998,4.46,6.6199999,199.37,-0.99000001,5.8000002,1,2016-01-01 02:50:00+00:00
5.0599999,3.4400001,6.48,173.88,-0.94,5.7600002,1,2016-01-01 03:00:00+00:00
4.71,3.5599999,6.1199999,192.07001,-0.99000001,5.8099999,1,2016-01-01 03:10:00+00:00
4.9299998,3.72,6.4299998,195.07001,-0.99000001,5.9299998,1,2016-01-01 03:20:00+00:00
5.0999999,3.8299999,6.5999999,199.27,-0.99000001,6.0999999,1,2016-01-01 03:30:00+00:00
4.8699999,3.78,6.1199999,197.3,-0.99000001,6.1900001,1,2016-01-01 03:40:00+00:00
5.0100002,3.8199999,7.1500001,195.99001,-0.99000001,6.1999998,1,2016-01-01 03:50:00+00:00
5.2199998,4.21,6.7800002,198.06,-0.99000001,6.3899999,1,2016-01-01 04:00:00+00:00
5.5599999,4.3600001,7.2800002,200.49001,-0.99000001,6.4899998,1,2016-01-01 04:10:00+00:00
5.5799999,4.25,6.98,196.50999,-0.99000001,6.4200001,1,2016-01-01 04:20:00+00:00
5.1500001,3.8099999,6.71,190.81,-0.99000001,6.1700001,1,2016-01-01 04:30:00+00:00
4.6700001,3.6300001,6.23,191.14999,-0.99000001,6.1199999,1,2016-01-01 04:40:00+00:00
4.7399998,3.6700001,6.2399998,195.67,-0.99000001,6.23,1,2016-01-01 04:50:00+00:00
5.3699999,3.5899999,6.6999998,202.08,-0.99000001,6.4000001,1,2016-01-01 05:00:00+00:00
5.3699999,3.99,6.6700001,202.56,-0.99000001,6.4200001,1,2016-01-01 05:10:00+00:00
5.54,4.4400001,6.6700001,215.82001,-0.99000001,6.6399999,1,2016-01-01 05:20:00+00:00
5.1900001,4.0700002,7.3200002,208.67999,-0.99000001,6.9099998,1,2016-01-01 05:30:00+00:00
5.1900001,4.0599999,6.4499998,195.53,-0.99000001,7.0700002,1,2016-01-01 05:40:00+00:00
5.0100002,3.73,6.3800001,179.17,-0.99000001,6.6399999,1,2016-01-01 05:50:00+00:00
4.8600001,3.5799999,5.9499998,177.98,-0.99000001,6.6500001,1,2016-01-01 06:00:00+00:00
4.2800002,3.3299999,5.5599999,180.34,-0.93000001,6.9899998,1,2016-01-01 06:10:00+00:00
3.1800001,0.0,4.7600002,179.38,0.050000001,6.6100001,1,2016-01-01 06:20:00+00:00
3.1099999,0.0,4.4099998,196.03999,0.28999999,6.1700001,1,2016-01-01 06:40:00+00:00
3.8099999,3.05,4.4099998,189.0,0.2,6.3800001,1,2016-01-01 06:50:00+00:00
3.76,2.5599999,5.9299998,146.57001,-0.17,5.6300001,1,2016-01-01 09:50:00+00:00
3.45,2.6099999,5.1999998,144.3,0.25,5.8499999,1,2016-01-01 10:00:00+00:00
5.52,3.75,7.6300001,99.25,-0.95999998,6.9200001,1,2016-01-01 11:50:00+00:00
5.8299999,4.4299998,7.1900001,98.290001,-0.99000001,7.21,1,2016-01-01 12:00:00+00:00
6.0900002,4.5599999,7.4400001,96.360001,-0.99000001,7.2399998,1,2016-01-01 12:10:00+00:00
6.0900002,4.8600001,7.5,94.019997,-0.99000001,7.25,1,2016-01-01 12:20:00+00:00
6.3699999,4.5300002,8.0699997,87.279999,-0.99000001,7.550000199999999,1,2016-01-01 12:30:00+00:00
5.6100001,3.72,8.1999998,111.62,-0.99000001,7.8099999,1,2016-01-01 12:40:00+00:00
5.6199999,4.0700002,7.23,112.22,-0.99000001,7.7600002,1,2016-01-01 12:50:00+00:00
5.02,3.5699999,6.5500002,104.6,-0.99000001,7.7399998,1,2016-01-01 13:00:00+00:00
4.5799999,3.48,6.4299998,97.089996,-0.97000003,7.8099999,1,2016-01-01 13:10:00+00:00
5.1700001,3.6199999,6.9299998,93.75,-0.99000001,7.7600002,1,2016-01-01 13:20:00+00:00
5.4699998,3.96,6.9200001,96.730003,-0.99000001,7.5999999,1,2016-01-01 13:30:00+00:00
5.1199999,3.9300001,6.7800002,97.849998,-0.99000001,7.5599999,1,2016-01-01 13:40:00+00:00
5.4899998,4.2199998,6.5599999,85.889999,-0.99000001,7.3400002,1,2016-01-01 13:50:00+00:00
6.1999998,5.0599999,7.4699998,82.120003,-0.99000001,6.8699999,1,2016-01-01 14:00:00+00:00
6.6399999,4.8099999,8.4799995,70.830002,-0.99000001,6.4099998,1,2016-01-01 14:10:00+00:00
6.4899998,4.79,8.25,77.169998,-0.99000001,6.1500001,1,2016-01-01 14:20:00+00:00
6.7199998,4.6300001,9.3000002,79.839996,-0.99000001,5.9299998,1,2016-01-01 14:30:00+00:00
6.9899998,5.52,9.8699999,78.610001,-0.99000001,5.73,1,2016-01-01 14:40:00+00:00
6.5799999,5.02,8.29,80.690002,-0.99000001,5.5999999,1,2016-01-01 14:50:00+00:00
6.3099999,4.48,8.3500004,84.959999,-0.99000001,5.5999999,1,2016-01-01 15:00:00+00:00
6.3200002,4.6700001,8.0799999,82.209999,-0.99000001,5.5999999,1,2016-01-01 15:10:00+00:00
6.3400002,4.8899999,8.21,84.120003,-0.99000001,5.6300001,1,2016-01-01 15:20:00+00:00
6.6900001,4.6999998,8.8299999,85.370003,-0.99000001,5.5999999,1,2016-01-01 15:30:00+00:00
6.9299998,5.0300002,8.96,85.650002,-0.99000001,5.5700002,1,2016-01-01 15:40:00+00:00
6.7600002,4.71,8.5200005,84.25,-0.99000001,5.5,1,2016-01-01 15:50:00+00:00
6.6900001,4.8800001,8.7700005,97.940002,-0.99000001,5.3600001,1,2016-01-01 16:00:00+00:00
6.79,5.0300002,9.1999998,85.82,-0.99000001,5.3000002,1,2016-01-01 16:10:00+00:00
6.1799998,4.5900002,8.1000004,92.440002,-0.99000001,5.3000002,1,2016-01-01 16:20:00+00:00
5.6300001,3.9000001,7.6500001,97.599998,-0.99000001,5.4699998,1,2016-01-01 16:30:00+00:00
5.5799999,4.23,7.1799998,98.720001,-0.99000001,5.5900002,1,2016-01-01 16:40:00+00:00
5.6399999,4.1700001,7.0799999,98.669998,-0.99000001,5.6599998,1,2016-01-01 16:50:00+00:00
5.2800002,3.9300001,6.5500002,106.43,-0.99000001,5.6500001,1,2016-01-01 17:00:00+00:00
6.0700002,4.6900001,7.5599999,107.12,-0.99000001,5.71,1,2016-01-01 17:10:00+00:00
6.02,4.8099999,7.4400001,106.76,-0.99000001,5.6199999,1,2016-01-01 17:20:00+00:00
6.1100001,4.4699998,7.5799999,106.83,-0.99000001,5.71,1,2016-01-01 17:30:00+00:00
6.52,5.0900002,8.1599998,106.23,-0.99000001,5.75,1,2016-01-01 17:40:00+00:00
6.6700001,5.2800002,8.04,116.03,-0.99000001,5.5900002,1,2016-01-01 17:50:00+00:00
6.3899999,5.1900001,7.8299999,109.95,-0.99000001,5.3200002,1,2016-01-01 18:00:00+00:00
6.48,4.6900001,8.4399996,116.3,-0.99000001,5.1700001,1,2016-01-01 18:10:00+00:00
7.0,5.3299999,9.25,127.37,-0.99000001,5.0900002,1,2016-01-01 18:20:00+00:00
7.7199998,6.2600002,10.49,114.34,-0.99000001,5.21,1,2016-01-01 18:30:00+00:00
7.48,5.6700001,10.2,117.82,-0.99000001,5.3000002,1,2016-01-01 18:40:00+00:00
7.0900002,5.5300002,9.0299997,119.53,-0.99000001,5.1999998,1,2016-01-01 18:50:00+00:00
7.1700001,5.7199998,9.1599998,115.16,-0.99000001,5.0,1,2016-01-01 19:00:00+00:00
7.0900002,5.48,9.0200005,113.04,-0.99000001,4.9000001,1,2016-01-01 19:10:00+00:00
7.0100002,4.6500001,9.1599998,113.75,-0.99000001,4.9099998,1,2016-01-01 19:20:00+00:00
6.9000001,5.3400002,8.5600004,117.79,-0.99000001,4.96,1,2016-01-01 19:30:00+00:00
6.9000001,4.8699999,9.3699999,121.01,-0.99000001,4.8299999,1,2016-01-01 19:40:00+00:00
6.8800001,5.25,9.2299995,117.86,-0.99000001,4.6900001,1,2016-01-01 19:50:00+00:00
6.3800001,4.8099999,8.21,120.38,-0.99000001,4.52,1,2016-01-01 20:00:00+00:00
6.6100001,4.6399999,8.2200003,115.53,-0.99000001,4.75,1,2016-01-01 20:10:00+00:00
6.2800002,4.29,8.3000002,119.2,-0.99000001,4.6399999,1,2016-01-01 20:20:00+00:00
6.9499998,4.6599998,10.03,118.15,-0.99000001,4.8299999,1,2016-01-01 20:30:00+00:00
6.4000001,5.0500002,8.4700003,118.01,-0.99000001,4.75,1,2016-01-01 20:40:00+00:00
6.4899998,4.5900002,8.4399996,118.53,-0.99000001,4.6999998,1,2016-01-01 20:50:00+00:00
6.4299998,4.4299998,8.5,120.51,-0.99000001,4.6199999,1,2016-01-01 21:00:00+00:00
6.8000002,4.75,8.8299999,140.7,-0.99000001,4.5300002,1,2016-01-01 21:10:00+00:00
7.1700001,4.21,9.3599997,131.34,-0.99000001,4.7600002,1,2016-01-01 21:20:00+00:00
6.8400002,4.96,8.9099998,129.22,-0.99000001,4.7800002,1,2016-01-01 21:30:00+00:00
5.9499998,3.8800001,8.0500002,127.11,-0.99000001,4.7199998,1,2016-01-01 21:40:00+00:00
5.4499998,4.0700002,7.21,127.02,-0.99000001,4.6999998,1,2016-01-01 21:50:00+00:00
5.3400002,3.6300001,6.9899998,124.6,-0.99000001,4.5900002,1,2016-01-01 22:00:00+00:00
5.4499998,4.0100002,6.9299998,125.07,-0.99000001,4.5900002,1,2016-01-01 22:10:00+00:00
5.4200001,4.0900002,7.1700001,126.72,-0.99000001,4.6700001,1,2016-01-01 22:20:00+00:00
5.02,3.6199999,7.1500001,135.11,-0.99000001,4.77,1,2016-01-01 22:30:00+00:00
4.7600002,3.4400001,7.1999998,145.62,-0.99000001,5.1599998,1,2016-01-01 22:40:00+00:00
4.6100001,3.1900001,6.52,147.3,-0.99000001,5.4000001,1,2016-01-01 22:50:00+00:00
4.9699998,3.22,7.52,146.34,-0.99000001,5.6799998,1,2016-01-01 23:00:00+00:00
4.8800001,3.4200001,7.1500001,137.64,-0.99000001,5.8499999,1,2016-01-01 23:10:00+00:00
5.1199999,3.77,8.2399998,144.57001,-0.99000001,6.0300002,1,2016-01-01 23:20:00+00:00
5.3400002,3.54,8.2299995,153.56,-0.99000001,6.1799998,1,2016-01-01 23:30:00+00:00
5.04,3.1900001,7.5799999,154.45,-0.99000001,6.1700001,1,2016-01-01 23:40:00+00:00
5.5100002,3.1500001,7.96,171.60001,-0.99000001,6.1100001,1,2016-01-01 23:50:00+00:00
6.0500002,3.3299999,8.3500004,155.5,-0.99000001,6.0999999,1,2016-01-02 00:00:00+00:00
5.8400002,4.02,8.1199999,163.22,-0.99000001,6.1599998,1,2016-01-02 00:10:00+00:00
6.5799999,3.8099999,9.5,169.10001,-0.99000001,6.3699999,1,2016-01-02 00:20:00+00:00
6.8299999,4.1199999,10.65,164.3,-0.99000001,6.5100002,1,2016-01-02 00:30:00+00:00
7.1900001,4.52,11.33,167.89,-0.99000001,6.6399999,1,2016-01-02 00:40:00+00:00
7.46,4.6599998,11.38,177.42,-0.99000001,6.7199998,1,2016-01-02 00:50:00+00:00
8.4799995,5.4099998,12.52,182.13,-0.99000001,6.7600002,1,2016-01-02 01:00:00+00:00
8.7799997,5.4200001,12.41,193.41,-0.98000002,6.6799998,1,2016-01-02 01:10:00+00:00
8.5100002,4.7800002,11.92,185.39999,-0.99000001,6.5300002,1,2016-01-02 01:20:00+00:00
7.8299999,5.3200002,10.91,188.91,-0.99000001,6.4000001,1,2016-01-02 01:30:00+00:00
7.71,5.0500002,10.31,184.2,-0.99000001,6.4699998,1,2016-01-02 01:40:00+00:00
6.04,4.5700002,7.9299998,175.47,-0.99000001,7.2199998,1,2016-01-02 01:50:00+00:00
5.4899998,4.0100002,7.3400002,176.25999,-0.99000001,8.2399998,1,2016-01-02 02:00:00+00:00
6.8099999,3.95,10.61,165.37,-0.99000001,6.9400001,1,2016-01-02 02:10:00+00:00
7.8200002,4.8299999,11.02,174.62,-0.99000001,6.29,1,2016-01-02 02:20:00+00:00
7.1399999,5.21,10.83,172.03999,-0.99000001,6.3600001,1,2016-01-02 02:30:00+00:00
6.6700001,4.0300002,9.0200005,168.41,-0.99000001,6.77,1,2016-01-02 02:40:00+00:00
7.0500002,3.96,10.92,166.63,-0.99000001,6.5300002,1,2016-01-02 02:50:00+00:00
6.25,4.2800002,9.8000002,165.47,-0.99000001,6.5,1,2016-01-02 03:00:00+00:00
6.4899998,4.4899998,9.4899998,165.39999,-0.99000001,6.5300002,1,2016-01-02 03:10:00+00:00
6.6599998,4.1799998,10.05,169.91,-0.99000001,6.6700001,1,2016-01-02 03:20:00+00:00
6.6999998,4.5300002,9.4200001,170.48,-0.99000001,6.77,1,2016-01-02 03:30:00+00:00
6.6500001,4.7399998,8.8999996,170.78999,-0.99000001,6.9499998,1,2016-01-02 03:40:00+00:00
6.4400001,4.4200001,9.6999998,173.12,-0.99000001,7.0,1,2016-01-02 03:50:00+00:00
6.5999999,4.2199998,9.5600004,175.64999,-0.99000001,7.0700002,1,2016-01-02 04:00:00+00:00
6.8200002,3.97,9.4399996,180.44,-0.99000001,7.1999998,1,2016-01-02 04:10:00+00:00
6.6999998,4.6100001,9.5900002,203.86,-0.99000001,7.1999998,1,2016-01-02 04:20:00+00:00
7.3899999,4.8800001,11.35,166.83,-0.99000001,7.2199998,1,2016-01-02 04:30:00+00:00
6.6900001,4.75,9.4099998,190.92,-0.99000001,7.2199998,1,2016-01-02 04:40:00+00:00
6.2600002,4.1199999,9.6000004,192.3,-0.99000001,7.3000002,1,2016-01-02 04:50:00+00:00
7.0900002,4.73,11.17,206.72,-0.99000001,7.52,1,2016-01-02 05:00:00+00:00
7.1700001,4.3699999,9.9899998,204.16,-0.99000001,7.6399999,1,2016-01-02 05:10:00+00:00
7.46,5.1900001,10.86,205.16,-0.99000001,7.7600002,1,2016-01-02 05:20:00+00:00
7.5700002,5.1199999,10.48,217.23,-0.99000001,7.800000199999999,1,2016-01-02 05:30:00+00:00
7.75,5.4699998,10.89,216.22,-0.99000001,7.8099999,1,2016-01-02 05:40:00+00:00
7.3000002,4.54,10.13,215.63,-0.99000001,7.8899999,1,2016-01-02 05:50:00+00:00
7.0500002,4.8200002,9.6400003,212.69,-0.99000001,7.9000001,1,2016-01-02 06:00:00+00:00
7.1700001,5.0999999,9.5900002,212.46001,-0.99000001,7.8699999,1,2016-01-02 06:10:00+00:00
7.4200001,4.9699998,10.09,210.34,-0.99000001,7.8200002,1,2016-01-02 06:20:00+00:00
6.9699998,4.8899999,9.3299999,213.85001,-0.99000001,7.800000199999999,1,2016-01-02 06:30:00+00:00
6.9200001,4.6399999,9.1400003,215.53,-0.99000001,7.8099999,1,2016-01-02 06:40:00+00:00
6.8600001,4.5999999,9.6400003,216.85001,-0.99000001,7.8600001,1,2016-01-02 06:50:00+00:00
6.5300002,3.9200001,9.4099998,212.92,-0.99000001,7.8899999,1,2016-01-02 07:00:00+00:00
5.2399998,3.97,6.9699998,201.58,-0.99000001,7.9200001,1,2016-01-02 07:10:00+00:00
5.5900002,3.6700001,8.1400003,205.0,-0.99000001,8.0200005,1,2016-01-02 07:20:00+00:00
6.4699998,4.4200001,9.0100002,205.61,-0.99000001,8.1599998,1,2016-01-02 07:30:00+00:00
6.21,4.4400001,8.1000004,208.28999,-0.99000001,8.1999998,1,2016-01-02 07:40:00+00:00
6.6599998,5.1199999,8.6999998,203.82001,-0.99000001,8.2399998,1,2016-01-02 07:50:00+00:00
6.8899999,4.8600001,8.8100004,199.14999,-0.99000001,8.29,1,2016-01-02 08:00:00+00:00
6.5,4.8299999,8.3100004,198.42,-0.99000001,8.3699999,1,2016-01-02 08:10:00+00:00
5.98,4.4499998,8.0699997,198.48,-0.99000001,8.29,1,2016-01-02 08:20:00+00:00
5.6399999,4.1700001,7.52,189.64999,-0.99000001,8.2399998,1,2016-01-02 08:30:00+00:00
5.4899998,4.23,7.0599999,195.69,-0.99000001,8.2799997,1,2016-01-02 08:40:00+00:00
5.7800002,4.2399998,7.9899998,207.92999,-0.99000001,8.3400002,1,2016-01-02 08:50:00+00:00
5.5700002,3.8099999,7.46,208.94,-0.99000001,8.3500004,1,2016-01-02 09:00:00+00:00
5.7399998,4.1100001,7.9200001,211.77,-0.99000001,8.4499998,1,2016-01-02 09:10:00+00:00
5.8899999,4.3200002,7.6900001,210.49001,-0.99000001,8.46,1,2016-01-02 09:20:00+00:00
6.1599998,4.0700002,8.46,209.16,-0.99000001,8.4200001,1,2016-01-02 09:30:00+00:00
6.29,3.9200001,8.1400003,210.34,-0.99000001,8.4899998,1,2016-01-02 09:40:00+00:00
6.02,3.8299999,8.6300001,208.09,-0.99000001,8.5200005,1,2016-01-02 09:50:00+00:00
5.8400002,4.02,8.3900003,206.7,-0.99000001,8.5799999,1,2016-01-02 10:00:00+00:00
6.1999998,4.3400002,8.8400002,204.09,-0.99000001,8.5,1,2016-01-02 10:10:00+00:00
6.1799998,4.0599999,8.46,206.0,-0.99000001,8.4499998,1,2016-01-02 10:20:00+00:00
5.9899998,4.02,8.6199999,210.53,-0.99000001,8.4099998,1,2016-01-02 10:30:00+00:00
6.3299999,3.8900001,9.1099997,230.22,-0.99000001,8.4200001,1,2016-01-02 10:40:00+00:00
6.8200002,4.3899999,9.4300003,215.17,-0.99000001,8.4899998,1,2016-01-02 10:50:00+00:00
6.02,4.2600002,8.2700005,215.25999,-0.99000001,8.6999998,1,2016-01-02 11:00:00+00:00
6.5,4.1900001,9.4899998,218.78999,-0.99000001,8.8299999,1,2016-01-02 11:10:00+00:00
6.52,4.0100002,9.5100002,218.03999,-0.99000001,9.0100002,1,2016-01-02 11:20:00+00:00
6.2199998,4.0900002,9.0799999,216.34,-0.99000001,9.1400003,1,2016-01-02 11:30:00+00:00
7.21,3.8499999,10.75,218.39,-0.99000001,9.1800003,1,2016-01-02 11:40:00+00:00
7.3200002,4.8200002,10.9,219.39,-0.99000001,9.1499996,1,2016-01-02 11:50:00+00:00
7.1300001,4.52,10.75,225.57001,-0.99000001,9.3000002,1,2016-01-02 12:00:00+00:00
8.0200005,4.8099999,10.94,218.5,-0.99000001,9.2399998,1,2016-01-02 12:10:00+00:00
8.1199999,5.0300002,11.42,215.16,-0.99000001,8.8900003,1,2016-01-02 12:20:00+00:00
6.6599998,4.5599999,8.9499998,219.49001,-0.99000001,8.8000002,1,2016-01-02 12:30:00+00:00
6.8099999,4.5900002,9.8900003,216.44,-0.99000001,8.7700005,1,2016-01-02 12:40:00+00:00
6.8200002,4.1900001,10.12,224.64999,-0.99000001,8.7799997,1,2016-01-02 12:50:00+00:00
6.6500001,4.3499999,9.6000004,221.10001,-0.99000001,8.8000002,1,2016-01-02 13:00:00+00:00
6.2199998,3.5,8.9899998,222.92,-0.99000001,8.8100004,1,2016-01-02 13:10:00+00:00
7.0599999,4.3299999,10.47,221.11,-0.99000001,8.7799997,1,2016-01-02 13:20:00+00:00
7.7399998,4.3600001,11.26,221.75999,-0.99000001,8.6999998,1,2016-01-02 13:30:00+00:00
7.6100001,5.0799999,10.15,210.12,-0.99000001,8.6899996,1,2016-01-02 13:40:00+00:00
7.0300002,4.54,9.8000002,212.11,-0.99000001,8.6999998,1,2016-01-02 13:50:00+00:00
6.8200002,4.3699999,9.1599998,210.67,-0.99000001,8.5699997,1,2016-01-02 14:00:00+00:00
7.3000002,4.6799998,10.23,214.36,-0.99000001,8.4799995,1,2016-01-02 14:10:00+00:00
7.0999999,4.6300001,9.6199999,212.97,-0.99000001,8.3999996,1,2016-01-02 14:20:00+00:00
7.1500001,4.96,9.4099998,209.28,-0.99000001,8.3299999,1,2016-01-02 14:30:00+00:00
7.1199999,4.8800001,9.9799995,204.17999,-0.99000001,8.2399998,1,2016-01-02 14:40:00+00:00
6.71,4.5100002,9.3199997,202.64,-0.99000001,8.21,1,2016-01-02 14:50:00+00:00
6.7199998,4.3400002,9.79,203.41,-0.99000001,8.21,1,2016-01-02 15:00:00+00:00
5.6300001,3.52,8.1499996,194.42,-0.89999998,8.1599998,1,2016-01-02 15:10:00+00:00
5.8299999,4.3299999,8.1499996,199.92999,-0.99000001,8.0299997,1,2016-01-02 15:20:00+00:00
6.9000001,4.4699998,10.02,209.47,-0.99000001,8.1000004,1,2016-01-02 15:30:00+00:00
7.1399999,5.1900001,9.8100004,212.37,-0.99000001,8.0799999,1,2016-01-02 15:40:00+00:00
7.5700002,5.3299999,10.18,211.22,-0.99000001,8.0200005,1,2016-01-02 15:50:00+00:00
6.8299999,4.79,9.2600002,212.09,-0.99000001,7.8800001,1,2016-01-02 16:00:00+00:00
6.4299998,4.1300001,9.1599998,207.89,-0.99000001,7.6900001,1,2016-01-02 16:10:00+00:00
6.8400002,4.1799998,9.4899998,206.50999,-0.99000001,7.5700002,1,2016-01-02 16:20:00+00:00
7.3499999,5.1199999,9.75,206.17999,-0.99000001,7.550000199999999,1,2016-01-02 16:30:00+00:00
7.0599999,4.8099999,9.2700005,203.13,-0.99000001,7.5,1,2016-01-02 16:40:00+00:00
7.1900001,4.4899998,9.9899998,205.03999,-0.99000001,7.5,1,2016-01-02 16:50:00+00:00
8.04,4.7800002,12.09,210.42,-0.99000001,7.4499998,1,2016-01-02 17:00:00+00:00
7.98,4.77,11.21,208.81,-0.99000001,7.3000002,1,2016-01-02 17:10:00+00:00
7.7399998,5.0799999,10.79,205.14,-0.99000001,7.27,1,2016-01-02 17:20:00+00:00
7.4000001,5.3099999,9.71,204.35001,-0.99000001,7.0900002,1,2016-01-02 17:30:00+00:00
8.0500002,5.3699999,10.56,202.34,-0.99000001,6.96,1,2016-01-02 17:40:00+00:00
8.6599998,6.0100002,11.5,201.31,-0.99000001,6.8099999,1,2016-01-02 17:50:00+00:00
7.7600002,5.2800002,10.61,202.64,-0.99000001,6.7199998,1,2016-01-02 18:00:00+00:00
8.1999998,4.9899998,12.19,209.52,-0.99000001,6.71,1,2016-01-02 18:10:00+00:00
8.7700005,5.0599999,11.7,210.64999,-0.99000001,6.7399998,1,2016-01-02 18:20:00+00:00
8.1400003,5.75,11.36,208.50999,-0.99000001,6.7800002,1,2016-01-02 18:30:00+00:00
8.4099998,5.4899998,12.28,209.92999,-0.99000001,6.8400002,1,2016-01-02 18:40:00+00:00
8.1999998,4.73,11.88,211.42,-0.99000001,6.9699998,1,2016-01-02 18:50:00+00:00
8.21,4.6500001,11.71,210.97,-0.99000001,6.9400001,1,2016-01-02 19:00:00+00:00
8.1499996,4.9000001,11.44,207.31,-0.99000001,6.7800002,1,2016-01-02 19:10:00+00:00
7.800000199999999,5.2800002,11.07,210.06,-0.99000001,6.6799998,1,2016-01-02 19:20:00+00:00
8.1000004,5.46,11.64,220.07001,-0.99000001,6.6100001,1,2016-01-02 19:30:00+00:00
7.9299998,5.1900001,12.58,220.45,-0.99000001,6.6300001,1,2016-01-02 19:40:00+00:00
7.4099998,5.1199999,10.29,219.08,-0.99000001,6.6100001,1,2016-01-02 19:50:00+00:00
8.0100002,5.25,11.91,225.62,-0.99000001,6.5,1,2016-01-02 20:00:00+00:00
9.0100002,6.0700002,12.74,218.88,-0.97000003,6.5,1,2016-01-02 20:10:00+00:00
8.3100004,5.02,11.32,220.59,-0.99000001,6.5300002,1,2016-01-02 20:20:00+00:00
8.2700005,5.0100002,11.38,219.21001,-0.99000001,6.6199999,1,2016-01-02 20:30:00+00:00
7.8699999,4.8800001,11.29,216.78,-0.99000001,6.5599999,1,2016-01-02 20:40:00+00:00
8.2399998,5.0500002,12.57,217.41,-0.99000001,6.5,1,2016-01-02 20:50:00+00:00
8.0799999,5.1300001,12.94,216.75999,-0.99000001,6.4099998,1,2016-01-02 21:00:00+00:00
8.5500002,5.4099998,12.35,216.45,-0.99000001,6.3200002,1,2016-01-02 21:10:00+00:00
8.25,4.8899999,12.77,217.47,-0.99000001,6.1999998,1,2016-01-02 21:20:00+00:00
7.5700002,4.9899998,10.8,215.71001,-0.99000001,6.1799998,1,2016-01-02 21:30:00+00:00
7.96,5.0599999,12.42,212.55,-0.99000001,6.1900001,1,2016-01-02 21:40:00+00:00
7.6799998,4.8800001,11.18,222.96001,-0.99000001,6.1999998,1,2016-01-02 21:50:00+00:00
8.4399996,5.04,12.11,213.64999,-0.99000001,6.1999998,1,2016-01-02 22:00:00+00:00
7.6500001,4.8499999,10.65,216.74001,-0.99000001,6.1999998,1,2016-01-02 22:10:00+00:00
7.54,4.9400001,10.8,218.82001,-0.99000001,6.1999998,1,2016-01-02 22:20:00+00:00
7.1999998,4.6999998,9.8900003,221.17999,-0.99000001,6.1999998,1,2016-01-02 22:30:00+00:00
7.9400001,4.98,10.9,220.06,-0.99000001,6.1700001,1,2016-01-02 22:40:00+00:00
7.48,5.0300002,11.17,220.59,-0.99000001,6.0999999,1,2016-01-02 22:50:00+00:00
7.5300002,5.0100002,10.56,219.48,-0.99000001,6.0700002,1,2016-01-02 23:00:00+00:00
7.04,4.6199999,10.67,219.69,-0.99000001,5.9299998,1,2016-01-02 23:10:00+00:00
7.4099998,4.48,11.29,218.53999,-0.99000001,6.0300002,1,2016-01-02 23:20:00+00:00
7.3499999,4.71,10.02,218.82001,-0.99000001,6.0900002,1,2016-01-02 23:30:00+00:00
7.04,4.1799998,9.8199997,214.42999,-0.99000001,6.0999999,1,2016-01-02 23:40:00+00:00
7.5300002,4.4000001,10.73,214.98,-0.99000001,6.0799999,1,2016-01-02 23:50:00+00:00
6.8699999,4.8800001,10.04,216.69,-0.99000001,6.0700002,1,2016-01-03 00:00:00+00:00
7.0300002,3.9100001,11.08,226.03999,-0.99000001,5.9699998,1,2016-01-03 00:10:00+00:00
7.27,4.29,10.44,222.02,-0.99000001,5.9000001,1,2016-01-03 00:20:00+00:00
7.6999998,5.0599999,10.92,228.25999,-0.99000001,5.9000001,1,2016-01-03 00:30:00+00:00
7.6700001,5.0799999,11.54,221.71001,-0.99000001,5.9000001,1,2016-01-03 00:40:00+00:00
6.6399999,4.7199998,9.4799995,223.21001,-0.99000001,5.8200002,1,2016-01-03 00:50:00+00:00
7.04,4.8099999,10.45,223.27,-0.99000001,5.7800002,1,2016-01-03 01:00:00+00:00
7.3499999,4.77,10.75,220.92,-0.99000001,5.75,1,2016-01-03 01:10:00+00:00
6.6599998,4.7800002,9.0100002,222.24001,-0.99000001,5.5999999,1,2016-01-03 01:20:00+00:00
6.6700001,4.3600001,9.6499996,223.06,-0.99000001,5.5999999,1,2016-01-03 01:30:00+00:00
6.4000001,4.0300002,9.1899996,228.14999,-0.99000001,5.5999999,1,2016-01-03 01:40:00+00:00
6.4899998,4.3400002,9.0699997,228.64,-0.99000001,5.5999999,1,2016-01-03 01:50:00+00:00
5.96,4.1599998,7.8099999,225.86,-0.99000001,5.6300001,1,2016-01-03 02:00:00+00:00
6.0300002,3.76,8.5,228.81,-0.99000001,5.5999999,1,2016-01-03 02:10:00+00:00
6.6100001,4.25,9.0600004,227.44,-0.99000001,5.5799999,1,2016-01-03 02:20:00+00:00
7.0300002,4.3099999,9.0500002,222.52,-0.99000001,5.5599999,1,2016-01-03 02:30:00+00:00
6.73,4.5700002,8.8299999,219.55,-0.99000001,5.5599999,1,2016-01-03 02:40:00+00:00
6.48,4.4000001,9.1300001,220.5,-0.99000001,5.54,1,2016-01-03 02:50:00+00:00
6.54,4.5500002,9.29,221.03999,-0.99000001,5.52,1,2016-01-03 03:00:00+00:00
6.52,3.8599999,8.8800001,221.22,-0.99000001,5.5,1,2016-01-03 03:10:00+00:00
6.6500001,4.6799998,8.8900003,223.28,-0.99000001,5.3200002,1,2016-01-03 03:20:00+00:00
6.5,4.3800001,8.7799997,219.11,-0.99000001,5.1900001,1,2016-01-03 03:30:00+00:00
6.48,4.6199999,8.5299997,219.5,-0.99000001,5.0100002,1,2016-01-03 03:40:00+00:00
6.6199999,4.5799999,8.6999998,218.64999,-0.99000001,4.9200001,1,2016-01-03 03:50:00+00:00
6.7399998,4.7800002,8.8400002,221.11,-0.99000001,4.9099998,1,2016-01-03 04:00:00+00:00
6.27,3.8099999,8.2299995,217.47,-0.99000001,4.9099998,1,2016-01-03 04:10:00+00:00
6.3200002,4.4499998,8.4700003,214.82001,-0.99000001,4.9000001,1,2016-01-03 04:20:00+00:00
6.3699999,4.5300002,8.8000002,214.42,-0.99000001,4.8899999,1,2016-01-03 04:30:00+00:00
6.79,4.6500001,8.8699999,213.39,-0.99000001,4.8899999,1,2016-01-03 04:40:00+00:00
6.6199999,4.52,8.8000002,203.97,-0.99000001,4.9000001,1,2016-01-03 04:50:00+00:00
6.4299998,4.54,9.6499996,211.36,-0.99000001,4.9000001,1,2016-01-03 05:00:00+00:00
6.2600002,4.3400002,9.0200005,207.14999,-0.99000001,4.9499998,1,2016-01-03 05:10:00+00:00
6.1700001,3.7,8.6199999,203.16,-0.99000001,5.0,1,2016-01-03 05:20:00+00:00
5.9899998,4.0300002,8.5600004,201.75999,-0.99000001,5.0700002,1,2016-01-03 05:30:00+00:00
5.8200002,3.77,7.8499999,199.64999,-0.99000001,5.1799998,1,2016-01-03 05:40:00+00:00
5.5900002,3.54,8.2200003,197.38,-0.99000001,5.1999998,1,2016-01-03 05:50:00+00:00
5.1500001,3.6900001,6.9000001,196.39,-0.99000001,5.04,1,2016-01-03 06:00:00+00:00
5.8600001,4.1500001,7.7399998,195.95,-0.99000001,4.96,1,2016-01-03 06:10:00+00:00
5.8099999,4.21,7.8699999,197.86,-0.99000001,4.9099998,1,2016-01-03 06:20:00+00:00
6.5700002,4.4000001,8.8900003,200.71001,-0.99000001,4.9000001,1,2016-01-03 06:30:00+00:00
7.02,4.54,9.5500002,201.63,-0.99000001,4.9699998,1,2016-01-03 06:40:00+00:00
6.21,4.23,9.0600004,198.85001,-0.99000001,5.0,1,2016-01-03 06:50:00+00:00
5.9499998,3.7,8.6000004,198.28999,-0.99000001,5.1100001,1,2016-01-03 07:00:00+00:00
6.3699999,3.97,8.8000002,200.98,-0.99000001,5.1999998,1,2016-01-03 07:10:00+00:00
6.52,4.6399999,8.6599998,198.14999,-0.99000001,5.1900001,1,2016-01-03 07:20:00+00:00
6.0700002,4.0500002,8.79,201.2,-0.99000001,5.21,1,2016-01-03 07:30:00+00:00
5.98,4.25,8.6999998,196.45,-0.99000001,5.2399998,1,2016-01-03 07:40:00+00:00
5.71,3.7,8.1199999,196.37,-0.99000001,5.29,1,2016-01-03 07:50:00+00:00
5.73,3.8599999,8.2200003,194.10001,-0.99000001,5.3299999,1,2016-01-03 08:00:00+00:00
5.8000002,3.24,8.3800001,185.77,-0.95999998,5.5700002,1,2016-01-03 08:10:00+00:00
5.77,4.1799998,8.2799997,198.81,-0.99000001,5.6500001,1,2016-01-03 08:20:00+00:00
5.7800002,3.5599999,8.4799995,203.55,-0.99000001,5.5,1,2016-01-03 08:30:00+00:00
5.6199999,3.5,9.1999998,215.81,-0.98000002,5.4000001,1,2016-01-03 08:40:00+00:00
6.3699999,3.8199999,9.2299995,198.58,-0.99000001,5.27,1,2016-01-03 08:50:00+00:00
5.0599999,3.1600001,7.8600001,196.03,-0.94999999,5.4200001,1,2016-01-03 09:00:00+00:00
5.3099999,3.49,7.8299999,197.5,-0.99000001,5.52,1,2016-01-03 09:10:00+00:00
5.4200001,3.71,7.5,195.53,-0.99000001,5.5900002,1,2016-01-03 09:20:00+00:00
5.6599998,3.27,8.2399998,201.38,-0.99000001,5.5999999,1,2016-01-03 09:30:00+00:00
6.1900001,3.6199999,8.6000004,200.53999,-0.99000001,5.5799999,1,2016-01-03 09:40:00+00:00
6.1900001,3.96,8.8199997,198.31,-0.99000001,5.7199998,1,2016-01-03 09:50:00+00:00
5.79,3.28,8.5,193.86,-0.99000001,5.9099998,1,2016-01-03 10:00:00+00:00
5.8000002,3.04,7.98,192.27,-0.97000003,5.9899998,1,2016-01-03 10:10:00+00:00
6.29,4.1100001,8.3299999,180.89,-0.99000001,6.0500002,1,2016-01-03 10:20:00+00:00
5.3699999,3.6800001,7.5999999,190.03999,-0.99000001,6.1799998,1,2016-01-03 10:30:00+00:00
6.1999998,3.9100001,8.6999998,182.02,-0.99000001,6.0900002,1,2016-01-03 10:40:00+00:00
6.5700002,4.3200002,9.25,187.57001,-0.99000001,6.02,1,2016-01-03 10:50:00+00:00
5.9299998,3.8199999,8.5100002,176.12,-0.97000003,5.9099998,1,2016-01-03 11:00:00+00:00
6.2199998,4.4000001,7.96,177.48,-0.99000001,5.8499999,1,2016-01-03 11:10:00+00:00
5.9299998,4.2800002,8.9399996,168.17999,-0.99000001,5.8200002,1,2016-01-03 11:20:00+00:00
5.3200002,3.51,7.8099999,174.5,-0.98000002,5.8800001,1,2016-01-03 11:30:00+00:00
5.1599998,3.52,7.1399999,164.45,-0.99000001,5.8699999,1,2016-01-03 11:40:00+00:00
5.6599998,3.9400001,8.04,165.89,-0.99000001,5.8000002,1,2016-01-03 11:50:00+00:00
5.6199999,3.4300001,8.4099998,162.60001,-0.99000001,5.8299999,1,2016-01-03 12:00:00+00:00
5.98,3.9000001,8.29,159.3,-0.99000001,5.8400002,1,2016-01-03 12:10:00+00:00
5.4499998,3.5699999,8.0799999,168.88,-0.99000001,5.9299998,1,2016-01-03 12:20:00+00:00
6.1799998,4.3600001,8.1999998,169.84,-0.99000001,5.9400001,1,2016-01-03 12:30:00+00:00
5.8000002,3.55,8.5699997,175.12,-0.99000001,5.98,1,2016-01-03 12:40:00+00:00
6.48,4.2199998,8.9300003,175.85001,-0.99000001,5.8499999,1,2016-01-03 12:50:00+00:00
6.54,3.97,9.2299995,174.23,-0.99000001,5.77,1,2016-01-03 13:00:00+00:00
6.4899998,4.0599999,9.3400002,172.22,-0.99000001,5.6100001,1,2016-01-03 13:10:00+00:00
6.5700002,4.54,9.4200001,172.05,-0.99000001,5.6100001,1,2016-01-03 13:20:00+00:00
7.2800002,4.4099998,10.46,172.25,-0.99000001,5.6199999,1,2016-01-03 13:30:00+00:00
6.52,3.53,9.9200001,169.02,-0.99000001,5.6799998,1,2016-01-03 13:40:00+00:00
6.8200002,3.72,12.67,173.69,-0.98000002,5.6199999,1,2016-01-03 13:50:00+00:00
7.4699998,4.98,11.32,172.60001,-0.99000001,5.5999999,1,2016-01-03 14:00:00+00:00
6.8000002,3.5699999,10.08,163.27,-0.99000001,5.6500001,1,2016-01-03 14:10:00+00:00
7.4299998,4.5999999,12.68,167.92999,-0.99000001,5.5999999,1,2016-01-03 14:20:00+00:00
7.2199998,4.4899998,10.31,166.21001,-0.99000001,5.5799999,1,2016-01-03 14:30:00+00:00
6.75,4.3099999,10.96,166.22,-0.99000001,5.5799999,1,2016-01-03 14:40:00+00:00
6.48,4.2399998,9.6499996,164.31,-0.99000001,5.5700002,1,2016-01-03 14:50:00+00:00
6.9499998,4.1199999,10.92,162.67999,-0.99000001,5.5100002,1,2016-01-03 15:00:00+00:00
7.3400002,4.3600001,12.63,162.03999,-0.99000001,5.4699998,1,2016-01-03 15:10:00+00:00
6.5999999,3.96,11.61,168.46001,-0.99000001,5.3899999,1,2016-01-03 15:20:00+00:00
7.3899999,4.23,12.17,167.2,-0.99000001,5.3000002,1,2016-01-03 15:30:00+00:00
7.23,4.04,11.64,164.83,-0.99000001,5.3000002,1,2016-01-03 15:40:00+00:00
7.8200002,5.1100001,11.45,165.23,-0.99000001,5.3000002,1,2016-01-03 15:50:00+00:00
7.3299999,4.4699998,11.56,162.81,-0.99000001,5.3499999,1,2016-01-03 16:00:00+00:00
7.5,4.3600001,10.2,159.96001,-0.99000001,5.3899999,1,2016-01-03 16:10:00+00:00
7.79,4.79,11.84,161.41,-0.99000001,5.4099998,1,2016-01-03 16:20:00+00:00
8.25,5.3099999,11.93,161.14,-0.99000001,5.48,1,2016-01-03 16:30:00+00:00
7.8600001,4.9200001,11.96,159.96001,-0.99000001,5.5,1,2016-01-03 16:40:00+00:00
8.9899998,5.0100002,14.12,159.75,-0.98000002,5.5,1,2016-01-03 16:50:00+00:00
8.5100002,4.6599998,15.29,160.46001,-0.97000003,5.5,1,2016-01-03 17:00:00+00:00
8.0299997,4.9899998,12.46,164.28999,-0.99000001,5.46,1,2016-01-03 17:10:00+00:00
8.5799999,5.0700002,13.21,166.97,-0.98000002,5.3099999,1,2016-01-03 17:20:00+00:00
10.42,6.1599998,17.66,182.77,0.059999999,5.1999998,1,2016-01-03 17:30:00+00:00
11.39,6.3200002,16.190001,164.14999,0.15000001,4.9200001,1,2016-01-03 17:40:00+00:00
11.22,6.7800002,15.34,179.95,0.22,4.48,1,2016-01-03 17:50:00+00:00
8.6300001,4.8200002,14.96,171.36,-0.97000003,4.3499999,1,2016-01-03 18:00:00+00:00
10.64,4.9099998,15.26,171.17999,-0.15000001,4.1199999,1,2016-01-03 18:10:00+00:00
11.08,5.6100001,17.75,168.62,0.02,4.0599999,1,2016-01-03 18:20:00+00:00
10.05,5.6199999,14.12,170.7,-0.7599999900000001,3.9200001,1,2016-01-03 18:30:00+00:00
9.9399996,5.25,14.88,174.71001,-0.73000002,3.9000001,1,2016-01-03 18:40:00+00:00
10.11,5.6999998,15.05,175.53,-0.64999998,3.8699999,1,2016-01-03 18:50:00+00:00
9.2399998,5.3800001,13.37,175.94,-0.91000003,3.79,1,2016-01-03 19:00:00+00:00
10.86,5.6399999,16.51,178.86,0.40000001,3.52,1,2016-01-03 19:10:00+00:00
10.58,6.2199998,16.379999,178.92999,0.18000001,3.28,1,2016-01-03 19:20:00+00:00
9.4399996,5.0599999,14.46,182.59,-0.86000001,3.1199999,1,2016-01-03 19:30:00+00:00
9.9700003,6.0700002,14.69,179.47,-0.62,2.9200001,1,2016-01-03 19:40:00+00:00
9.9700003,5.4699998,13.94,179.8,-0.80000001,2.7,1,2016-01-03 19:50:00+00:00
9.3000002,4.8800001,14.99,175.25,-0.89999998,2.6700001,1,2016-01-03 20:00:00+00:00
10.38,6.1700001,16.889999,173.60001,-0.75,2.6800001,1,2016-01-03 20:10:00+00:00
10.55,6.4099998,15.77,177.35001,-0.66000003,2.6300001,1,2016-01-03 20:20:00+00:00
10.39,6.6100001,15.06,177.08,-0.69999999,2.53,1,2016-01-03 20:30:00+00:00
10.53,6.0900002,15.65,174.73,-0.68000001,2.75,1,2016-01-03 20:40:00+00:00
10.8,7.04,14.88,173.71001,-0.88,3.0599999,1,2016-01-03 20:50:00+00:00
8.8900003,5.0900002,13.76,178.42999,-0.94999999,3.3,1,2016-01-03 21:00:00+00:00
8.9499998,4.77,14.15,182.53999,-0.85000002,3.55,1,2016-01-03 21:10:00+00:00
9.46,5.23,13.91,186.5,-0.81,3.8,1,2016-01-03 21:20:00+00:00
9.0699997,5.7199998,13.42,188.34,-0.91000003,4.0500002,1,2016-01-03 21:30:00+00:00
9.4899998,5.9000001,15.62,190.11,-0.76999998,4.1199999,1,2016-01-03 21:40:00+00:00
10.2,6.0,14.23,198.64,-0.74000001,4.1799998,1,2016-01-03 21:50:00+00:00
9.9399996,5.9000001,13.76,189.66,-0.82999998,4.2600002,1,2016-01-03 22:00:00+00:00
8.9399996,5.4099998,14.09,193.06,-0.99000001,4.4299998,1,2016-01-03 22:10:00+00:00
8.96,5.1300001,13.54,197.17,-0.94999999,4.6100001,1,2016-01-03 22:20:00+00:00
9.1899996,5.1399999,14.42,206.19,-0.92000002,4.75,1,2016-01-03 22:30:00+00:00
8.9799995,5.0500002,13.06,205.2,-0.98000002,4.8800001,1,2016-01-03 22:40:00+00:00
8.1800003,4.9899998,12.03,203.39,-0.99000001,4.9000001,1,2016-01-03 22:50:00+00:00
7.9299998,4.9899998,11.56,203.3,-0.99000001,4.9099998,1,2016-01-03 23:00:00+00:00
7.79,4.9200001,11.81,210.25,-0.99000001,4.96,1,2016-01-03 23:10:00+00:00
8.29,4.4699998,12.14,205.16,-0.99000001,5.0100002,1,2016-01-03 23:20:00+00:00
8.3999996,5.0,13.45,207.42,-0.99000001,5.1700001,1,2016-01-03 23:30:00+00:00
8.0299997,5.04,11.94,215.23,-0.99000001,5.25,1,2016-01-03 23:40:00+00:00
7.96,4.8000002,11.7,226.37,-0.99000001,5.4200001,1,2016-01-03 23:50:00+00:00
7.77,5.1900001,11.67,221.07001,-0.99000001,5.5500002,1,2016-01-04 00:00:00+00:00
7.2399998,5.0799999,10.76,224.03999,-0.99000001,5.6599998,1,2016-01-04 00:10:00+00:00
9.1800003,4.29,14.41,244.37,-0.91000003,5.8000002,1,2016-01-04 00:20:00+00:00
8.2200003,4.8800001,12.28,240.83,-0.99000001,5.8899999,1,2016-01-04 00:30:00+00:00
8.4700003,5.29,11.56,242.42,-0.99000001,5.8899999,1,2016-01-04 00:40:00+00:00
7.2399998,4.48,10.7,247.11,-0.99000001,5.8200002,1,2016-01-04 00:50:00+00:00
8.3999996,4.0599999,12.78,265.03,-0.99000001,5.6300001,1,2016-01-04 01:00:00+00:00
9.3800001,4.75,14.11,261.57999,-0.91000003,5.5900002,1,2016-01-04 01:10:00+00:00
7.5100002,3.95,11.59,243.85001,-0.99000001,5.5900002,1,2016-01-04 01:20:00+00:00
6.27,3.99,9.71,240.89999,-0.99000001,5.8000002,1,2016-01-04 01:30:00+00:00
7.4400001,4.0100002,11.0,238.05,-0.99000001,5.8200002,1,2016-01-04 01:40:00+00:00
8.1899996,5.4000001,12.35,241.45,-0.99000001,5.8499999,1,2016-01-04 01:50:00+00:00
8.3900003,5.0900002,13.94,239.66,-0.97000003,5.8000002,1,2016-01-04 02:00:00+00:00
8.25,5.0999999,12.46,233.36,-0.99000001,5.8000002,1,2016-01-04 02:10:00+00:00
8.2399998,5.0900002,12.52,235.41,-0.99000001,5.79,1,2016-01-04 02:20:00+00:00
9.0799999,5.8899999,12.88,236.91,-0.99000001,5.6100001,1,2016-01-04 02:30:00+00:00
9.3900003,5.8800001,13.73,236.39999,-0.94,5.5999999,1,2016-01-04 02:40:00+00:00
9.7299995,6.02,13.28,239.08,-0.88,5.5999999,1,2016-01-04 02:50:00+00:00
9.4399996,5.6300001,13.54,241.09,-0.93000001,5.5999999,1,2016-01-04 03:00:00+00:00
8.9899998,5.77,13.17,244.42,-0.94,5.5500002,1,2016-01-04 03:10:00+00:00
8.8400002,5.4400001,13.75,245.78,-0.8899999900000001,5.5599999,1,2016-01-04 03:20:00+00:00
8.7700005,5.0700002,12.78,243.89,-0.99000001,5.5900002,1,2016-01-04 03:30:00+00:00
8.6099997,4.71,13.41,242.84,-0.92000002,5.5999999,1,2016-01-04 03:40:00+00:00
8.9099998,5.29,12.9,241.37,-0.98000002,5.6100001,1,2016-01-04 03:50:00+00:00
9.0299997,5.1399999,13.57,240.22,-0.93000001,5.7199998,1,2016-01-04 04:00:00+00:00
8.9399996,5.54,13.21,245.0,-0.98000002,5.77,1,2016-01-04 04:10:00+00:00
8.8299999,5.7399998,12.04,248.0,-0.98000002,5.6999998,1,2016-01-04 04:20:00+00:00
10.03,6.3899999,14.5,255.16,-0.47999999,5.71,1,2016-01-04 04:30:00+00:00
9.6599998,5.6300001,14.02,243.97,-0.87,5.6799998,1,2016-01-04 04:40:00+00:00
9.8400002,5.3699999,13.76,241.96001,-0.98000002,5.5999999,1,2016-01-04 04:50:00+00:00
8.5500002,5.0700002,13.85,242.27,-0.95999998,5.5900002,1,2016-01-04 05:00:00+00:00
7.8499999,4.6500001,11.63,239.75,-0.99000001,5.5999999,1,2016-01-04 05:10:00+00:00
9.0299997,5.1599998,13.59,238.78,-0.99000001,5.6199999,1,2016-01-04 05:20:00+00:00
9.1899996,5.2199998,13.2,241.52,-0.8899999900000001,5.75,1,2016-01-04 05:30:00+00:00
8.9399996,5.5700002,13.47,238.67,-0.93000001,5.8000002,1,2016-01-04 05:40:00+00:00
9.9300003,5.7800002,14.19,237.2,-0.82999998,5.77,1,2016-01-04 05:50:00+00:00
8.9099998,5.5100002,12.94,236.09,-0.97000003,5.6799998,1,2016-01-04 06:00:00+00:00
9.2600002,5.8200002,13.12,234.48,-0.98000002,5.5999999,1,2016-01-04 06:10:00+00:00
9.0699997,5.96,13.97,234.60001,-0.98000002,5.5999999,1,2016-01-04 06:20:00+00:00
8.4799995,5.3800001,13.27,235.74001,-0.99000001,5.5999999,1,2016-01-04 06:30:00+00:00
8.5100002,5.1900001,12.48,236.39,-0.99000001,5.5999999,1,2016-01-04 06:40:00+00:00
9.1400003,4.8600001,12.95,236.84,-0.8899999900000001,5.5999999,1,2016-01-04 06:50:00+00:00
9.4700003,5.1300001,13.7,239.89999,-0.91000003,5.6399999,1,2016-01-04 07:00:00+00:00
7.8299999,4.48,12.91,238.02,-0.99000001,5.6599998,1,2016-01-04 07:10:00+00:00
8.0900002,4.6100001,11.79,237.86,-0.99000001,5.6599998,1,2016-01-04 07:20:00+00:00
9.1700001,5.23,13.25,234.09,-0.98000002,5.8000002,1,2016-01-04 07:30:00+00:00
8.6999998,4.4299998,14.93,236.75,-0.89999998,5.8000002,1,2016-01-04 07:40:00+00:00
9.54,5.3200002,14.0,234.66,-0.94999999,5.8000002,1,2016-01-04 07:50:00+00:00
9.7299995,5.5599999,13.26,232.64,-0.97000003,5.8000002,1,2016-01-04 08:00:00+00:00
9.0900002,5.1500001,12.31,241.87,-0.99000001,5.8099999,1,2016-01-04 08:10:00+00:00
9.4200001,4.9099998,13.34,234.73,-0.95999998,5.8400002,1,2016-01-04 08:20:00+00:00
8.29,5.1700001,12.04,220.97,-0.95999998,5.8499999,1,2016-01-04 08:30:00+00:00
9.0299997,5.48,13.08,246.92,-0.94999999,6.04,1,2016-01-04 08:40:00+00:00
8.3800001,4.2399998,12.53,232.67,-0.99000001,6.0700002,1,2016-01-04 08:50:00+00:00
10.28,6.0599999,14.81,236.67999,-0.81999999,6.0599999,1,2016-01-04 09:00:00+00:00
9.6199999,5.3400002,14.06,235.48,-0.87,6.1399999,1,2016-01-04 09:10:00+00:00
8.1400003,4.4699998,12.47,234.17999,-0.99000001,6.3200002,1,2016-01-04 09:20:00+00:00
8.1000004,4.8800001,12.17,235.89,-0.98000002,6.3699999,1,2016-01-04 09:30:00+00:00
7.3600001,4.0799999,10.32,233.48,-0.99000001,6.3899999,1,2016-01-04 09:40:00+00:00
7.9000001,4.5100002,12.95,235.24001,-0.99000001,6.27,1,2016-01-04 09:50:00+00:00
8.6999998,4.4699998,12.22,234.02,-0.99000001,6.1599998,1,2016-01-04 10:00:00+00:00
8.5500002,5.2600002,12.66,237.25999,-0.95999998,6.0999999,1,2016-01-04 10:10:00+00:00
8.4499998,4.8299999,13.05,236.86,-0.99000001,6.0999999,1,2016-01-04 10:20:00+00:00
8.8599997,5.0100002,13.11,237.46001,-0.97000003,5.8899999,1,2016-01-04 10:30:00+00:00
8.0,5.29,12.67,233.14,-0.99000001,6.1199999,1,2016-01-04 10:40:00+00:00
8.2200003,4.8400002,11.93,233.24001,-0.99000001,6.3499999,1,2016-01-04 10:50:00+00:00
8.5100002,5.6100001,12.64,231.87,-0.99000001,6.4899998,1,2016-01-04 11:00:00+00:00
8.8000002,5.1700001,13.34,228.75999,-0.98000002,6.5,1,2016-01-04 11:10:00+00:00
7.0900002,3.98,10.64,234.82001,-0.99000001,6.5599999,1,2016-01-04 11:20:00+00:00
6.4000001,3.53,9.8900003,233.82001,-0.99000001,6.5500002,1,2016-01-04 11:30:00+00:00
7.1799998,4.3200002,11.71,234.42999,-0.99000001,6.79,1,2016-01-04 11:40:00+00:00
7.6300001,5.1300001,11.17,234.81,-0.99000001,6.79,1,2016-01-04 11:50:00+00:00
7.3600001,4.1799998,11.82,229.98,-0.99000001,6.6999998,1,2016-01-04 12:00:00+00:00
6.48,4.5900002,9.79,227.53999,-0.99000001,6.8699999,1,2016-01-04 12:10:00+00:00
7.1199999,4.1300001,11.1,234.23,-0.99000001,7.1599998,1,2016-01-04 12:20:00+00:00
6.52,4.1900001,10.35,233.46001,-0.99000001,7.23,1,2016-01-04 12:30:00+00:00
7.6199999,4.3000002,12.0,222.28,-0.99000001,7.1300001,1,2016-01-04 12:40:00+00:00
8.4099998,4.9000001,12.52,222.42999,-0.99000001,7.1100001,1,2016-01-04 12:50:00+00:00
7.6599998,4.98,11.22,224.57001,-0.99000001,6.96,1,2016-01-04 13:00:00+00:00
7.4000001,4.23,10.37,221.99001,-0.99000001,6.8600001,1,2016-01-04 13:10:00+00:00
7.5700002,4.3000002,10.72,222.32001,-0.99000001,6.8899999,1,2016-01-04 13:20:00+00:00
7.6399999,5.1100001,10.89,225.39,-0.99000001,6.6700001,1,2016-01-04 13:30:00+00:00
8.2600002,5.0500002,12.2,223.82001,-0.99000001,6.3499999,1,2016-01-04 13:40:00+00:00
8.3599997,4.98,11.81,231.82001,-0.99000001,6.1500001,1,2016-01-04 13:50:00+00:00
7.9000001,5.3499999,11.23,231.50999,-0.99000001,6.1199999,1,2016-01-04 14:00:00+00:00
7.0100002,4.8000002,9.4200001,223.83,-0.99000001,6.1300001,1,2016-01-04 14:10:00+00:00
7.4499998,5.3499999,9.6999998,220.89999,-0.99000001,6.1799998,1,2016-01-04 14:20:00+00:00
7.3099999,5.4299998,9.5500002,207.57001,-0.99000001,6.2199998,1,2016-01-04 14:30:00+00:00
6.6100001,4.1599998,9.1499996,214.17999,-0.99000001,6.21,1,2016-01-04 14:40:00+00:00
7.2600002,5.0500002,10.26,214.81,-0.99000001,6.1599998,1,2016-01-04 14:50:00+00:00
7.4499998,5.0900002,9.1400003,211.02,-0.99000001,6.1700001,1,2016-01-04 15:00:00+00:00
7.25,4.0,10.34,213.7,-0.99000001,6.0999999,1,2016-01-04 15:10:00+00:00
7.3099999,4.8800001,10.1,217.2,-0.99000001,5.9200001,1,2016-01-04 15:20:00+00:00
7.4699998,5.0100002,9.5500002,212.69,-0.99000001,5.8499999,1,2016-01-04 15:30:00+00:00
6.8499999,4.77,9.4099998,212.2,-0.99000001,5.73,1,2016-01-04 15:40:00+00:00
6.8400002,5.0700002,9.0200005,207.48,-0.99000001,5.5999999,1,2016-01-04 15:50:00+00:00
7.4099998,4.6599998,9.8699999,204.58,-0.99000001,5.5999999,1,2016-01-04 16:00:00+00:00
7.5300002,4.9200001,10.17,203.19,-0.99000001,5.5700002,1,2016-01-04 16:10:00+00:00
7.3899999,4.8000002,10.43,205.27,-0.99000001,5.5,1,2016-01-04 16:20:00+00:00
7.7600002,5.3499999,10.35,188.77,-0.99000001,5.4499998,1,2016-01-04 16:30:00+00:00
7.48,5.4099998,9.7299995,206.45,-0.99000001,5.46,1,2016-01-04 16:40:00+00:00
7.52,5.4200001,9.8800001,198.22,-0.99000001,5.3299999,1,2016-01-04 16:50:00+00:00
7.52,5.1799998,10.51,197.55,-0.99000001,5.3299999,1,2016-01-04 17:00:00+00:00
7.5599999,4.1799998,10.49,199.2,-0.99000001,5.2600002,1,2016-01-04 17:10:00+00:00
7.800000199999999,5.4699998,11.07,199.59,-0.99000001,5.1999998,1,2016-01-04 17:20:00+00:00
7.7199998,5.3200002,9.6400003,200.84,-0.99000001,5.0999999,1,2016-01-04 17:30:00+00:00
7.8099999,5.4299998,9.9899998,203.23,-0.99000001,5.0900002,1,2016-01-04 17:40:00+00:00
7.0900002,4.8000002,9.3999996,199.17,-0.99000001,4.98,1,2016-01-04 17:50:00+00:00
7.4699998,5.27,9.7799997,198.96001,-0.99000001,4.9000001,1,2016-01-04 18:00:00+00:00
8.4300003,5.7399998,11.05,199.33,-0.99000001,5.02,1,2016-01-04 18:10:00+00:00
8.2200003,5.0700002,11.32,198.73,-0.99000001,5.2399998,1,2016-01-04 18:20:00+00:00
7.4899998,4.8600001,11.08,199.23,-0.99000001,5.23,1,2016-01-04 18:30:00+00:00
8.0699997,4.9200001,11.73,198.71001,-0.99000001,5.2399998,1,2016-01-04 18:40:00+00:00
7.8499999,5.2399998,10.64,194.74001,-0.99000001,5.2399998,1,2016-01-04 18:50:00+00:00
7.9099998,5.5700002,11.31,195.42,-0.99000001,5.25,1,2016-01-04 19:00:00+00:00
7.5300002,5.25,9.79,194.5,-0.99000001,5.0500002,1,2016-01-04 19:10:00+00:00
7.0700002,5.0599999,9.4399996,192.83,-0.99000001,4.9400001,1,2016-01-04 19:20:00+00:00
7.1700001,4.9400001,9.6599998,191.7,-0.99000001,4.8899999,1,2016-01-04 19:30:00+00:00
7.7800002,5.6199999,10.11,193.78,-0.99000001,4.9099998,1,2016-01-04 19:40:00+00:00
7.4400001,5.0999999,9.9200001,193.39999,-0.99000001,4.98,1,2016-01-04 19:50:00+00:00
7.0999999,4.79,10.4,193.03999,-0.99000001,4.9899998,1,2016-01-04 20:00:00+00:00
8.0100002,5.0300002,11.01,198.50999,-0.99000001,5.23,1,2016-01-04 20:10:00+00:00
8.0699997,5.5700002,11.65,198.25,-0.99000001,5.46,1,2016-01-04 20:20:00+00:00
7.8600001,5.2199998,11.41,198.87,-0.99000001,5.5,1,2016-01-04 20:30:00+00:00
7.0700002,4.4000001,9.7600002,196.39999,-0.99000001,5.48,1,2016-01-04 20:40:00+00:00
6.4400001,3.8099999,9.1700001,194.27,-0.99000001,5.2800002,1,2016-01-04 20:50:00+00:00
6.0500002,3.4300001,9.1300001,196.60001,-0.99000001,5.23,1,2016-01-04 21:00:00+00:00
5.52,3.8499999,8.7600002,207.35001,-0.99000001,5.29,1,2016-01-04 21:10:00+00:00
7.2600002,4.4899998,11.28,205.94,-0.99000001,5.1799998,1,2016-01-04 21:20:00+00:00
7.4899998,4.2800002,10.47,210.36,-0.99000001,5.1700001,1,2016-01-04 21:30:00+00:00
7.3600001,5.0799999,10.71,210.17,-0.99000001,5.3000002,1,2016-01-04 21:40:00+00:00
7.2199998,4.9699998,10.17,229.73,-0.99000001,5.1300001,1,2016-01-04 21:50:00+00:00
6.0900002,4.5900002,8.4200001,220.0,-0.99000001,5.0100002,1,2016-01-04 22:00:00+00:00
5.5999999,3.96,7.5999999,229.13,-0.99000001,5.0900002,1,2016-01-04 22:10:00+00:00
5.6500001,3.97,7.21,214.3,-0.99000001,5.0900002,1,2016-01-04 22:20:00+00:00
6.7800002,4.5300002,9.6400003,207.52,-0.99000001,5.3200002,1,2016-01-04 22:30:00+00:00
6.9099998,4.3499999,11.23,240.50999,-0.99000001,5.3000002,1,2016-01-04 22:40:00+00:00
10.52,5.25,15.07,237.17999,-0.31,4.5999999,1,2016-01-04 22:50:00+00:00
8.8199997,5.1700001,13.68,238.61,-0.94999999,3.8099999,1,2016-01-04 23:00:00+00:00
6.6100001,4.4299998,8.8900003,238.35001,-0.99000001,3.8399999,1,2016-01-04 23:10:00+00:00
6.1799998,3.71,8.0799999,231.97,-0.99000001,3.9300001,1,2016-01-04 23:20:00+00:00
6.3800001,4.0700002,8.2299995,213.63,-0.99000001,4.0999999,1,2016-01-04 23:30:00+00:00
5.9699998,4.5900002,7.8200002,216.14,-0.99000001,4.1799998,1,2016-01-04 23:40:00+00:00
6.9200001,5.3200002,9.4300003,213.47,-0.99000001,4.3699999,1,2016-01-04 23:50:00+00:00
7.5100002,5.4000001,11.27,206.97,-0.99000001,4.4200001,1,2016-01-05 00:00:00+00:00
8.7700005,5.3699999,11.62,214.28999,-0.99000001,4.4899998,1,2016-01-05 00:10:00+00:00
8.8999996,6.2199998,11.63,215.86,-0.99000001,4.6199999,1,2016-01-05 00:20:00+00:00
8.4399996,5.1900001,11.17,222.7,-0.99000001,4.71,1,2016-01-05 00:30:00+00:00
8.4099998,5.77,11.48,214.7,-0.99000001,4.7199998,1,2016-01-05 00:40:00+00:00
8.6700001,6.0100002,11.12,216.84,-0.99000001,4.6900001,1,2016-01-05 00:50:00+00:00
8.0699997,5.3299999,11.49,219.57001,-0.99000001,4.6999998,1,2016-01-05 01:00:00+00:00
7.75,5.25,10.7,218.44,-0.99000001,4.6999998,1,2016-01-05 01:10:00+00:00
7.1900001,4.7199998,10.16,221.78,-0.99000001,4.8400002,1,2016-01-05 01:20:00+00:00
6.4899998,3.8399999,9.5699997,219.23,-0.99000001,4.9000001,1,2016-01-05 01:30:00+00:00
7.23,4.98,11.43,219.57001,-0.99000001,4.9499998,1,2016-01-05 01:40:00+00:00
7.4099998,4.98,11.82,220.28999,-0.99000001,4.9899998,1,2016-01-05 01:50:00+00:00
7.3699999,4.6700001,10.51,220.67999,-0.99000001,5.0,1,2016-01-05 02:00:00+00:00
7.8699999,5.1399999,11.34,218.73,-0.99000001,5.0,1,2016-01-05 02:10:00+00:00
7.6999998,4.5799999,11.14,229.97,-0.99000001,5.0100002,1,2016-01-05 02:20:00+00:00
8.7299995,5.1999998,12.14,226.81,-0.97000003,5.0700002,1,2016-01-05 02:30:00+00:00
8.9200001,4.8400002,13.11,227.09,-0.95999998,5.0,1,2016-01-05 02:40:00+00:00
8.0900002,4.9499998,11.77,223.24001,-0.99000001,4.9899998,1,2016-01-05 02:50:00+00:00
8.9099998,5.0100002,13.51,224.21001,-0.99000001,4.9000001,1,2016-01-05 03:00:00+00:00
8.9300003,5.3800001,12.63,223.74001,-0.99000001,4.9000001,1,2016-01-05 03:10:00+00:00
8.1599998,5.1300001,11.36,213.71001,-0.99000001,4.8099999,1,2016-01-05 03:20:00+00:00
7.9899998,5.0999999,12.01,217.94,-0.99000001,4.8400002,1,2016-01-05 03:30:00+00:00
7.3499999,4.1199999,10.21,215.77,-0.99000001,4.8600001,1,2016-01-05 03:40:00+00:00
7.2199998,4.1799998,10.88,213.92,-0.99000001,4.8899999,1,2016-01-05 03:50:00+00:00
7.6999998,4.6100001,10.77,215.64999,-0.99000001,4.9000001,1,2016-01-05 04:00:00+00:00
8.1000004,5.3499999,11.35,214.09,-0.99000001,4.9000001,1,2016-01-05 04:10:00+00:00
7.96,5.8099999,11.18,210.42999,-0.99000001,4.9699998,1,2016-01-05 04:20:00+00:00
7.3800001,4.8000002,11.19,211.89,-0.99000001,5.0,1,2016-01-05 04:30:00+00:00
7.3699999,4.5799999,10.45,210.84,-0.99000001,5.04,1,2016-01-05 04:40:00+00:00
7.0799999,4.6999998,10.15,211.82001,-0.99000001,5.0900002,1,2016-01-05 04:50:00+00:00
6.7800002,4.6100001,9.3599997,213.52,-0.99000001,5.0,1,2016-01-05 05:00:00+00:00
7.1100001,4.5599999,9.6199999,215.38,-0.99000001,4.9899998,1,2016-01-05 05:10:00+00:00
7.2600002,4.3200002,11.1,223.03,-0.99000001,4.9699998,1,2016-01-05 05:20:00+00:00
7.7199998,4.48,12.94,239.24001,-0.99000001,4.9099998,1,2016-01-05 05:30:00+00:00
6.2399998,4.1500001,9.0200005,209.17999,-0.99000001,4.9400001,1,2016-01-05 05:40:00+00:00
6.9400001,4.8699999,9.2700005,213.89,-0.99000001,4.9400001,1,2016-01-05 05:50:00+00:00
7.5700002,4.8499999,11.04,212.82001,-0.99000001,4.98,1,2016-01-05 06:00:00+00:00
6.8299999,4.6399999,9.8400002,211.98,-0.99000001,5.0,1,2016-01-05 06:10:00+00:00
7.5,3.9200001,10.52,209.50999,-0.99000001,5.0100002,1,2016-01-05 06:20:00+00:00
7.2600002,4.4200001,10.71,211.67999,-0.99000001,5.0100002,1,2016-01-05 06:30:00+00:00
7.02,4.3800001,10.17,213.16,-0.99000001,5.0700002,1,2016-01-05 06:40:00+00:00
6.8600001,4.3299999,9.4200001,216.98,-0.99000001,5.1500001,1,2016-01-05 06:50:00+00:00
7.21,4.23,10.84,215.59,-0.99000001,5.1900001,1,2016-01-05 07:00:00+00:00
7.2199998,4.1300001,10.2,214.08,-0.99000001,5.1799998,1,2016-01-05 07:10:00+00:00
7.8800001,4.6900001,12.69,213.11,-0.98000002,5.0300002,1,2016-01-05 07:20:00+00:00
7.46,4.6799998,11.84,215.2,-0.99000001,5.0300002,1,2016-01-05 07:30:00+00:00
7.3600001,4.9000001,11.17,215.14999,-0.99000001,5.02,1,2016-01-05 07:40:00+00:00
7.1900001,4.4400001,11.03,214.39999,-0.99000001,5.1399999,1,2016-01-05 07:50:00+00:00
8.1400003,5.1399999,12.07,214.66,-0.99000001,5.21,1,2016-01-05 08:00:00+00:00
7.5100002,4.9299998,11.41,211.99001,-0.99000001,5.25,1,2016-01-05 08:10:00+00:00
7.1999998,4.5300002,9.96,208.57001,-0.99000001,5.3000002,1,2016-01-05 08:20:00+00:00
6.9400001,3.97,10.66,209.34,-0.99000001,5.3699999,1,2016-01-05 08:30:00+00:00
7.1100001,4.54,10.12,207.2,-0.99000001,5.5,1,2016-01-05 08:40:00+00:00
7.3299999,4.7399998,10.46,204.03999,-0.99000001,5.5100002,1,2016-01-05 08:50:00+00:00
7.4899998,4.4699998,11.8,204.42,-0.99000001,5.6300001,1,2016-01-05 09:00:00+00:00
8.0200005,5.04,11.48,204.86,-0.99000001,5.6500001,1,2016-01-05 09:10:00+00:00
7.6500001,4.1300001,10.44,191.22,-0.99000001,5.5999999,1,2016-01-05 09:20:00+00:00
7.9299998,4.7399998,11.67,201.06,-0.99000001,5.52,1,2016-01-05 09:30:00+00:00
7.02,3.8599999,11.49,198.46001,-0.99000001,5.5,1,2016-01-05 09:40:00+00:00
6.8600001,4.3400002,10.6,197.28,-0.99000001,5.46,1,2016-01-05 09:50:00+00:00
7.550000199999999,4.29,10.88,201.89999,-0.99000001,5.3400002,1,2016-01-05 10:00:00+00:00
6.8600001,3.9000001,10.84,188.13,-0.99000001,5.3200002,1,2016-01-05 10:10:00+00:00
7.25,4.8299999,11.26,196.71001,-0.99000001,5.3099999,1,2016-01-05 10:20:00+00:00
7.96,4.8499999,11.83,196.64,-0.99000001,5.3099999,1,2016-01-05 10:30:00+00:00
7.5999999,4.7600002,11.58,199.92,-0.99000001,5.4299998,1,2016-01-05 10:40:00+00:00
8.0,4.6399999,10.79,200.05,-0.99000001,5.3699999,1,2016-01-05 10:50:00+00:00
9.6000004,4.46,15.58,201.25999,-0.77999997,5.27,1,2016-01-05 11:00:00+00:00
9.5900002,5.6799998,13.74,202.41,-0.94999999,5.1700001,1,2016-01-05 11:10:00+00:00
9.1099997,5.2600002,14.21,203.25,-0.83999997,4.9299998,1,2016-01-05 11:20:00+00:00
8.5500002,4.46,13.21,207.98,-0.98000002,4.77,1,2016-01-05 11:30:00+00:00
9.04,5.0599999,14.49,214.25999,-0.92000002,4.54,1,2016-01-05 11:40:00+00:00
7.800000199999999,4.7600002,11.2,213.94,-0.99000001,4.5999999,1,2016-01-05 11:50:00+00:00
6.8099999,4.3699999,10.14,219.39,-0.99000001,4.8099999,1,2016-01-05 12:00:00+00:00
7.5,4.4899998,12.1,223.32001,-0.99000001,5.0,1,2016-01-05 12:10:00+00:00
8.6000004,4.9299998,12.57,221.57001,-0.97000003,5.2399998,1,2016-01-05 12:20:00+00:00
8.2299995,4.9099998,13.43,219.96001,-0.98000002,5.3899999,1,2016-01-05 12:30:00+00:00
8.2700005,5.0700002,11.96,221.23,-0.99000001,5.5,1,2016-01-05 12:40:00+00:00
8.2700005,4.77,12.52,220.56,-0.99000001,5.5799999,1,2016-01-05 12:50:00+00:00
8.3599997,5.23,11.94,226.14999,-0.99000001,5.5999999,1,2016-01-05 13:00:00+00:00
7.8899999,5.3000002,10.61,222.14999,-0.99000001,5.75,1,2016-01-05 13:10:00+00:00
8.4200001,4.3299999,12.17,221.8,-0.99000001,5.8099999,1,2016-01-05 13:20:00+00:00
7.9200001,5.27,11.41,223.13,-0.99000001,5.8200002,1,2016-01-05 13:30:00+00:00
8.1000004,5.2399998,12.08,221.64999,-0.99000001,5.8800001,1,2016-01-05 13:40:00+00:00
8.3699999,5.0599999,12.59,217.75999,-0.99000001,5.9000001,1,2016-01-05 13:50:00+00:00
8.79,5.54,12.23,215.84,-0.99000001,5.9000001,1,2016-01-05 14:00:00+00:00
7.5300002,3.79,10.85,215.98,-0.99000001,5.9000001,1,2016-01-05 14:10:00+00:00
8.4499998,5.3299999,11.13,212.31,-0.99000001,5.9099998,1,2016-01-05 14:20:00+00:00
8.1000004,5.0900002,12.13,203.86,-0.99000001,6.04,1,2016-01-05 14:30:00+00:00
7.7600002,5.0500002,11.33,209.87,-0.99000001,6.0999999,1,2016-01-05 14:40:00+00:00
6.77,4.5999999,9.4200001,212.77,-0.99000001,6.0999999,1,2016-01-05 14:50:00+00:00
7.4699998,5.0599999,11.09,216.66,-0.99000001,6.1100001,1,2016-01-05 15:00:00+00:00
8.6000004,5.46,12.67,222.66,-0.98000002,6.1300001,1,2016-01-05 15:10:00+00:00
7.96,4.6999998,10.76,219.73,-0.99000001,6.0999999,1,2016-01-05 15:20:00+00:00
7.0700002,4.6700001,9.5699997,214.5,-0.99000001,5.9400001,1,2016-01-05 15:30:00+00:00
7.0700002,4.9000001,9.1999998,201.85001,-0.99000001,5.9000001,1,2016-01-05 15:40:00+00:00
6.7399998,4.5700002,9.1700001,203.87,-0.99000001,5.8800001,1,2016-01-05 15:50:00+00:00
7.0100002,4.4499998,9.3299999,205.16,-0.99000001,5.8099999,1,2016-01-05 16:00:00+00:00
7.1399999,5.0500002,9.96,207.17999,-0.99000001,5.7399998,1,2016-01-05 16:10:00+00:00
7.2600002,4.48,9.9499998,209.03999,-0.99000001,5.5900002,1,2016-01-05 16:20:00+00:00
6.8499999,4.52,9.2399998,207.78,-0.99000001,5.5100002,1,2016-01-05 16:30:00+00:00
6.7199998,4.6500001,9.4399996,211.0,-0.99000001,5.48,1,2016-01-05 16:40:00+00:00
7.6599998,4.6900001,11.21,210.13,-0.99000001,5.3499999,1,2016-01-05 16:50:00+00:00
8.1000004,5.7800002,10.63,209.75999,-0.99000001,5.3200002,1,2016-01-05 17:00:00+00:00
7.9000001,5.8699999,10.32,207.32001,-0.99000001,5.27,1,2016-01-05 17:10:00+00:00
7.8499999,5.3099999,10.51,207.37,-0.99000001,5.1900001,1,2016-01-05 17:20:00+00:00
7.3400002,5.0700002,9.7200003,204.14999,-0.99000001,5.0599999,1,2016-01-05 17:30:00+00:00
7.5,4.4200001,10.11,204.75999,-0.99000001,5.0900002,1,2016-01-05 17:40:00+00:00
7.0700002,5.0700002,9.4799995,203.72,-0.99000001,5.1399999,1,2016-01-05 17:50:00+00:00
7.7399998,5.6900001,9.6599998,192.3,-0.99000001,5.1599998,1,2016-01-05 18:00:00+00:00
6.77,4.7199998,9.5500002,197.84,-0.99000001,5.21,1,2016-01-05 18:10:00+00:00
5.8699999,3.7,8.29,196.48,-0.99000001,5.1999998,1,2016-01-05 18:20:00+00:00
5.9400001,3.7,8.1300001,196.12,-0.99000001,5.21,1,2016-01-05 18:30:00+00:00
5.96,3.79,8.6899996,193.21001,-0.99000001,5.1999998,1,2016-01-05 18:40:00+00:00
6.2199998,4.3899999,10.18,192.48,-0.99000001,5.1999998,1,2016-01-05 18:50:00+00:00
6.9099998,4.8899999,9.3800001,198.92999,-0.99000001,5.1999998,1,2016-01-05 19:00:00+00:00
7.1700001,4.8899999,10.39,205.14999,-0.99000001,5.23,1,2016-01-05 19:10:00+00:00
7.46,4.5999999,10.63,207.28,-0.99000001,5.1999998,1,2016-01-05 19:20:00+00:00
8.1199999,5.71,11.47,207.10001,-0.99000001,5.21,1,2016-01-05 19:30:00+00:00
7.3699999,4.9499998,10.03,205.73,-0.99000001,5.0900002,1,2016-01-05 19:40:00+00:00
7.75,5.0999999,11.12,209.72,-0.99000001,5.0599999,1,2016-01-05 19:50:00+00:00
7.3499999,4.04,9.7399998,209.19,-0.99000001,5.0599999,1,2016-01-05 20:00:00+00:00
7.48,5.0599999,10.78,210.3,-0.99000001,5.1799998,1,2016-01-05 20:10:00+00:00
7.1399999,5.1799998,9.75,209.83,-0.99000001,5.2199998,1,2016-01-05 20:20:00+00:00
6.9499998,4.9000001,9.8500004,208.94,-0.99000001,5.29,1,2016-01-05 20:30:00+00:00
6.2399998,4.3200002,9.0699997,199.47,-0.99000001,5.2800002,1,2016-01-05 20:40:00+00:00
5.6399999,3.73,7.5999999,191.49001,-0.99000001,5.1799998,1,2016-01-05 20:50:00+00:00
5.6799998,4.1199999,7.6399999,190.59,-0.99000001,5.1599998,1,2016-01-05 21:00:00+00:00
5.9299998,4.1100001,8.8599997,190.5,-0.99000001,5.0700002,1,2016-01-05 21:10:00+00:00
6.1599998,4.4299998,9.0100002,191.39999,-0.99000001,5.0,1,2016-01-05 21:20:00+00:00
6.02,3.8900001,8.4899998,195.62,-0.99000001,4.9200001,1,2016-01-05 21:30:00+00:00
6.3299999,3.95,8.8000002,202.19,-0.99000001,4.9000001,1,2016-01-05 21:40:00+00:00
6.9200001,4.4499998,9.5699997,210.57001,-0.99000001,4.9699998,1,2016-01-05 21:50:00+00:00
7.79,4.1799998,13.72,224.75,-0.93000001,4.9000001,1,2016-01-05 22:00:00+00:00
7.1999998,4.79,11.67,221.25,-0.99000001,4.6799998,1,2016-01-05 22:10:00+00:00
6.6500001,4.1799998,10.76,212.53,-0.99000001,4.6999998,1,2016-01-05 22:20:00+00:00
7.1599998,4.0,10.46,208.78,-0.99000001,4.5900002,1,2016-01-05 22:30:00+00:00
6.6700001,3.8099999,10.78,204.42999,-0.99000001,4.5,1,2016-01-05 22:40:00+00:00
8.3299999,4.9499998,13.42,203.59,-0.98000002,4.3800001,1,2016-01-05 22:50:00+00:00
7.71,4.8200002,10.67,202.57001,-0.99000001,4.2800002,1,2016-01-05 23:00:00+00:00
7.5,4.52,10.43,202.89999,-0.99000001,4.3600001,1,2016-01-05 23:10:00+00:00
7.5,4.1599998,11.12,202.95,-0.99000001,4.4000001,1,2016-01-05 23:20:00+00:00
7.3699999,4.8899999,10.37,203.97,-0.99000001,4.46,1,2016-01-05 23:30:00+00:00
7.4000001,4.8400002,10.7,203.33,-0.99000001,4.46,1,2016-01-05 23:40:00+00:00
7.0799999,4.1599998,10.84,204.34,-0.99000001,4.4200001,1,2016-01-05 23:50:00+00:00
6.9200001,3.8299999,10.03,203.56,-0.99000001,4.4000001,1,2016-01-06 00:00:00+00:00
7.04,4.5999999,9.7799997,203.36,-0.99000001,4.4000001,1,2016-01-06 00:10:00+00:00
6.8800001,4.4499998,10.51,198.73,-0.99000001,4.29,1,2016-01-06 00:20:00+00:00
6.5300002,4.1900001,9.4899998,199.94,-0.99000001,4.1900001,1,2016-01-06 00:30:00+00:00
6.4899998,4.2199998,9.5100002,202.60001,-0.99000001,4.1700001,1,2016-01-06 00:40:00+00:00
6.54,4.29,10.45,204.02,-0.99000001,4.1999998,1,2016-01-06 00:50:00+00:00
6.4299998,4.1900001,9.3999996,202.84,-0.99000001,4.21,1,2016-01-06 01:00:00+00:00
6.5999999,4.0500002,9.7299995,198.82001,-0.99000001,4.23,1,2016-01-06 01:10:00+00:00
6.1100001,4.1300001,8.54,199.78999,-0.99000001,4.1999998,1,2016-01-06 01:20:00+00:00
6.3400002,4.48,9.2799997,198.8,-0.99000001,4.1999998,1,2016-01-06 01:30:00+00:00
6.0700002,4.2399998,8.3699999,202.16,-0.99000001,4.1999998,1,2016-01-06 01:40:00+00:00
5.7199998,3.5599999,8.4300003,207.72,-0.99000001,4.1799998,1,2016-01-06 01:50:00+00:00
5.7199998,3.6300001,8.5699997,205.34,-0.99000001,4.04,1,2016-01-06 02:00:00+00:00
5.75,4.3299999,8.3999996,206.41,-0.99000001,3.9200001,1,2016-01-06 02:10:00+00:00
6.04,4.1100001,8.2700005,202.74001,-0.99000001,4.0,1,2016-01-06 02:20:00+00:00
5.9699998,4.0500002,8.7600002,206.33,-0.99000001,4.0500002,1,2016-01-06 02:30:00+00:00
6.0,3.99,8.6000004,206.64,-0.99000001,3.9400001,1,2016-01-06 02:40:00+00:00
6.02,4.04,8.7600002,209.0,-0.99000001,3.76,1,2016-01-06 02:50:00+00:00
5.1700001,3.0699999,7.48,202.98,-0.99000001,3.75,1,2016-01-06 03:00:00+00:00
5.7399998,3.9200001,8.46,210.42,-0.99000001,3.7,1,2016-01-06 03:10:00+00:00
6.0799999,4.25,9.21,225.3,-0.99000001,3.5999999,1,2016-01-06 03:20:00+00:00
5.2600002,3.6099999,8.6700001,214.28,-0.99000001,3.8,1,2016-01-06 03:30:00+00:00
5.8000002,4.0,8.2299995,212.11,-0.99000001,3.9000001,1,2016-01-06 03:40:00+00:00
5.9899998,3.9400001,9.5299997,214.63,-0.99000001,3.98,1,2016-01-06 03:50:00+00:00
5.9200001,3.24,8.7299995,223.19,-0.99000001,4.0,1,2016-01-06 04:00:00+00:00
6.1399999,3.8199999,9.1099997,221.00999,-0.99000001,3.8299999,1,2016-01-06 04:10:00+00:00
6.0599999,3.78,8.2399998,212.67,-0.99000001,3.8399999,1,2016-01-06 04:20:00+00:00
5.8299999,3.8699999,8.8199997,198.32001,-0.99000001,3.8099999,1,2016-01-06 04:30:00+00:00
5.6399999,3.8699999,7.8600001,198.28999,-0.99000001,3.8,1,2016-01-06 04:40:00+00:00
5.98,3.74,8.4799995,200.39999,-0.99000001,3.8099999,1,2016-01-06 04:50:00+00:00
6.1799998,4.1700001,7.8400002,203.17999,-0.99000001,3.8900001,1,2016-01-06 05:00:00+00:00
6.5999999,4.71,8.8599997,216.75,-0.99000001,4.0,1,2016-01-06 05:10:00+00:00
6.4099998,4.6199999,9.0100002,207.84,-0.99000001,4.0999999,1,2016-01-06 05:20:00+00:00
6.3899999,4.5100002,8.9700003,211.56,-0.99000001,4.1100001,1,2016-01-06 05:30:00+00:00
5.8699999,4.5599999,7.75,216.35001,-0.99000001,4.0999999,1,2016-01-06 05:40:00+00:00
5.8000002,3.95,8.21,212.00999,-0.99000001,4.0999999,1,2016-01-06 05:50:00+00:00
5.5999999,3.8099999,8.0,212.5,-0.99000001,4.1300001,1,2016-01-06 06:00:00+00:00
5.46,3.8099999,7.9299998,219.11,-0.99000001,4.1999998,1,2016-01-06 06:10:00+00:00
5.5799999,3.4200001,7.6300001,224.81,-0.99000001,4.3499999,1,2016-01-06 06:20:00+00:00
5.9299998,4.0599999,8.0699997,227.41,-0.99000001,4.4299998,1,2016-01-06 06:30:00+00:00
5.8099999,3.6900001,8.0200005,228.49001,-0.99000001,4.5300002,1,2016-01-06 06:40:00+00:00
5.5,3.5699999,7.54,226.16,-0.99000001,4.6900001,1,2016-01-06 06:50:00+00:00
5.3200002,3.73,7.9299998,222.77,-0.99000001,4.75,1,2016-01-06 07:00:00+00:00
5.9699998,3.6600001,8.2600002,221.44,-0.99000001,4.7800002,1,2016-01-06 07:10:00+00:00
6.4099998,3.6600001,9.5500002,229.84,-0.99000001,4.8600001,1,2016-01-06 07:20:00+00:00
6.1500001,4.3099999,8.3400002,223.64,-0.99000001,4.7399998,1,2016-01-06 07:30:00+00:00
5.5900002,3.9200001,8.7600002,217.69,-0.99000001,4.6700001,1,2016-01-06 07:40:00+00:00
5.0999999,3.5599999,7.5900002,217.5,-0.99000001,4.6199999,1,2016-01-06 07:50:00+00:00
5.2399998,3.8,7.0,215.55,-0.99000001,4.6900001,1,2016-01-06 08:00:00+00:00
5.79,3.8900001,8.0299997,215.11,-0.99000001,4.73,1,2016-01-06 08:10:00+00:00
5.3800001,3.75,7.6599998,215.86,-0.99000001,4.9099998,1,2016-01-06 08:20:00+00:00
5.3200002,3.5699999,7.6900001,211.37,-0.99000001,4.98,1,2016-01-06 08:30:00+00:00
6.02,4.1799998,8.71,213.75,-0.99000001,5.0300002,1,2016-01-06 08:40:00+00:00
6.71,3.8299999,9.1800003,202.48,-0.99000001,5.1399999,1,2016-01-06 08:50:00+00:00
5.6500001,3.6900001,8.7700005,212.58,-0.99000001,5.2600002,1,2016-01-06 09:00:00+00:00
5.5799999,3.99,8.1899996,210.81,-0.99000001,5.3499999,1,2016-01-06 09:10:00+00:00
6.1599998,3.6400001,9.5,213.78,-0.99000001,5.46,1,2016-01-06 09:20:00+00:00
6.75,3.52,10.56,216.84,-0.99000001,5.48,1,2016-01-06 09:30:00+00:00
5.9400001,3.8800001,8.4799995,218.72,-0.99000001,5.52,1,2016-01-06 09:40:00+00:00
5.9000001,4.0100002,9.2799997,209.62,-0.99000001,5.5100002,1,2016-01-06 09:50:00+00:00
5.25,3.3,8.6700001,216.88,-0.98000002,5.5700002,1,2016-01-06 10:00:00+00:00
6.0799999,3.95,9.46,215.73,-0.99000001,5.6199999,1,2016-01-06 10:10:00+00:00
5.9299998,4.0100002,8.1199999,219.60001,-0.99000001,5.7399998,1,2016-01-06 10:20:00+00:00
5.8200002,3.5699999,9.0299997,215.39,-0.99000001,5.6599998,1,2016-01-06 10:30:00+00:00
5.4400001,3.8900001,8.8100004,213.33,-0.99000001,5.8499999,1,2016-01-06 10:40:00+00:00
6.1300001,3.6500001,9.3100004,214.56,-0.99000001,6.1100001,1,2016-01-06 10:50:00+00:00
5.54,3.3,8.1800003,216.05,-0.95999998,6.1300001,1,2016-01-06 11:00:00+00:00
6.2800002,3.4300001,9.0799999,203.24001,-0.99000001,6.2399998,1,2016-01-06 11:10:00+00:00
6.6300001,4.0,9.8199997,204.08,-0.99000001,6.23,1,2016-01-06 11:20:00+00:00
7.3200002,4.1199999,10.89,199.75999,-0.99000001,6.1500001,1,2016-01-06 11:30:00+00:00
5.9400001,3.8499999,9.1899996,209.53999,-0.99000001,6.1199999,1,2016-01-06 11:40:00+00:00
4.8299999,3.21,6.6599998,211.23,-0.92000002,6.1399999,1,2016-01-06 11:50:00+00:00
4.3699999,2.6400001,6.3699999,209.74001,-0.64999998,6.0999999,1,2016-01-06 12:00:00+00:00
4.3200002,3.03,6.1399999,232.98,-0.79000002,5.5999999,1,2016-01-06 12:30:00+00:00
3.0999999,0.0,4.5,242.33,0.31,5.75,1,2016-01-06 12:40:00+00:00
3.5699999,0.0,5.1700001,234.75999,-0.07,5.7199998,1,2016-01-06 12:50:00+00:00
4.1999998,3.0599999,5.8600001,221.53,-0.56999999,5.6199999,1,2016-01-06 13:00:00+00:00
3.6700001,0.0,5.52,222.55,-0.2,5.75,1,2016-01-06 13:10:00+00:00
3.5599999,0.0,5.1700001,223.94,-0.0099999998,5.8299999,1,2016-01-06 13:20:00+00:00
4.1799998,3.03,5.52,218.78,-0.62,5.8000002,1,2016-01-06 13:30:00+00:00
4.1799998,2.53,6.0500002,218.99001,-0.54000002,5.8000002,1,2016-01-06 13:40:00+00:00
4.5799999,3.0699999,6.4299998,221.61,-0.87,5.7399998,1,2016-01-06 13:50:00+00:00
4.9699998,3.6800001,6.6900001,215.73,-0.99000001,5.54,1,2016-01-06 14:00:00+00:00
2.98,0.0,5.1300001,221.46001,0.23,5.54,1,2016-01-06 14:10:00+00:00
4.3000002,3.3399999,5.4899998,229.78999,-0.91000003,5.21,1,2016-01-06 14:40:00+00:00
4.6599998,3.0999999,6.6500001,223.94,-0.98000002,5.1900001,1,2016-01-06 14:50:00+00:00
4.8499999,3.4000001,6.4499998,220.98,-0.99000001,5.0599999,1,2016-01-06 15:00:00+00:00
4.27,3.0699999,5.6999998,227.02,-0.88,5.1900001,1,2016-01-06 15:10:00+00:00
4.7199998,3.28,6.27,220.37,-0.89999998,5.0900002,1,2016-01-06 15:20:00+00:00
5.1399999,3.21,7.2600002,219.59,-0.97000003,4.9899998,1,2016-01-06 15:30:00+00:00
5.1900001,3.6800001,6.7800002,224.3,-0.99000001,4.8600001,1,2016-01-06 15:40:00+00:00
4.54,3.4300001,6.2800002,229.88,-0.94,4.8000002,1,2016-01-06 15:50:00+00:00
4.4299998,3.0,5.8400002,228.96001,-0.95999998,4.7800002,1,2016-01-06 16:00:00+00:00
4.8200002,3.5599999,6.6500001,223.42,-0.99000001,4.6399999,1,2016-01-06 16:10:00+00:00
4.9400001,3.4000001,6.6199999,220.02,-0.99000001,4.4899998,1,2016-01-06 16:20:00+00:00
4.9099998,3.8099999,6.7199998,212.77,-0.91000003,4.4099998,1,2016-01-06 16:30:00+00:00
5.1399999,3.46,7.02,216.8,-0.98000002,4.4000001,1,2016-01-06 16:40:00+00:00
5.5300002,3.8199999,7.71,221.05,-0.99000001,4.4000001,1,2016-01-06 16:50:00+00:00
5.5999999,4.02,7.1700001,222.92,-0.99000001,4.4499998,1,2016-01-06 17:00:00+00:00
5.3299999,3.9200001,6.8499999,224.53,-0.99000001,4.5100002,1,2016-01-06 17:10:00+00:00
5.8000002,4.0799999,7.3299999,221.38,-0.99000001,4.5999999,1,2016-01-06 17:20:00+00:00
5.7800002,3.8399999,7.27,221.39,-0.99000001,4.6999998,1,2016-01-06 17:30:00+00:00
5.4400001,3.76,7.2199998,218.58,-0.99000001,4.7199998,1,2016-01-06 17:40:00+00:00
5.7600002,4.04,7.7800002,217.19,-0.99000001,4.8000002,1,2016-01-06 17:50:00+00:00
6.2199998,4.3600001,8.75,222.58,-0.99000001,4.9400001,1,2016-01-06 18:00:00+00:00
5.9200001,3.6199999,7.9899998,226.36,-0.99000001,4.9200001,1,2016-01-06 18:10:00+00:00
5.3000002,3.5,7.5599999,226.88,-0.99000001,5.0,1,2016-01-06 18:20:00+00:00
5.1799998,3.5599999,6.9299998,225.13,-0.99000001,5.0,1,2016-01-06 18:30:00+00:00
